bytes,content-type,elapsed,endpoint,resource,status,entry-date,start-date,end-date
2203883,application/json,1.37,6b64ed5b4cdb8f786a3b595d1819d20eb8747bcec16313d85ec64c3bc07b98d0,3aff0c34b5829ab77708402faa95485ac463ae39b198bebd691b6431669e2fda,200,2021-05-24T10:51:49.654609,,
2203883,application/json,0.546,6b64ed5b4cdb8f786a3b595d1819d20eb8747bcec16313d85ec64c3bc07b98d0,3aff0c34b5829ab77708402faa95485ac463ae39b198bebd691b6431669e2fda,200,2021-05-25T01:08:40.065904,,
2203883,application/json,0.578,6b64ed5b4cdb8f786a3b595d1819d20eb8747bcec16313d85ec64c3bc07b98d0,3aff0c34b5829ab77708402faa95485ac463ae39b198bebd691b6431669e2fda,200,2021-05-26T01:23:39.916191,,
2203883,application/json,0.658,6b64ed5b4cdb8f786a3b595d1819d20eb8747bcec16313d85ec64c3bc07b98d0,3aff0c34b5829ab77708402faa95485ac463ae39b198bebd691b6431669e2fda,200,2021-05-27T01:33:46.122100,,
2203883,application/json,0.606,6b64ed5b4cdb8f786a3b595d1819d20eb8747bcec16313d85ec64c3bc07b98d0,3aff0c34b5829ab77708402faa95485ac463ae39b198bebd691b6431669e2fda,200,2021-05-28T01:43:41.989405,,
2203883,application/json,0.54,6b64ed5b4cdb8f786a3b595d1819d20eb8747bcec16313d85ec64c3bc07b98d0,3aff0c34b5829ab77708402faa95485ac463ae39b198bebd691b6431669e2fda,200,2021-05-29T01:59:16.801435,,
2203883,application/json,0.608,6b64ed5b4cdb8f786a3b595d1819d20eb8747bcec16313d85ec64c3bc07b98d0,3aff0c34b5829ab77708402faa95485ac463ae39b198bebd691b6431669e2fda,200,2021-05-30T02:11:27.886507,,
2203883,application/json,0.45,6b64ed5b4cdb8f786a3b595d1819d20eb8747bcec16313d85ec64c3bc07b98d0,3aff0c34b5829ab77708402faa95485ac463ae39b198bebd691b6431669e2fda,200,2021-05-31T02:23:26.527974,,
2203883,application/json,1.266,6b64ed5b4cdb8f786a3b595d1819d20eb8747bcec16313d85ec64c3bc07b98d0,3aff0c34b5829ab77708402faa95485ac463ae39b198bebd691b6431669e2fda,200,2021-06-01T02:47:41.232544,,
2203883,application/json,1.06,6b64ed5b4cdb8f786a3b595d1819d20eb8747bcec16313d85ec64c3bc07b98d0,3aff0c34b5829ab77708402faa95485ac463ae39b198bebd691b6431669e2fda,200,2021-06-02T02:51:28.978283,,
2203883,application/json,0.561,6b64ed5b4cdb8f786a3b595d1819d20eb8747bcec16313d85ec64c3bc07b98d0,3aff0c34b5829ab77708402faa95485ac463ae39b198bebd691b6431669e2fda,200,2021-06-03T02:25:47.346565,,
2203883,application/json,0.662,6b64ed5b4cdb8f786a3b595d1819d20eb8747bcec16313d85ec64c3bc07b98d0,3aff0c34b5829ab77708402faa95485ac463ae39b198bebd691b6431669e2fda,200,2021-06-04T01:56:29.166581,,
2203883,application/json,0.545,6b64ed5b4cdb8f786a3b595d1819d20eb8747bcec16313d85ec64c3bc07b98d0,3aff0c34b5829ab77708402faa95485ac463ae39b198bebd691b6431669e2fda,200,2021-06-05T01:32:38.751883,,
2203883,application/json,0.557,6b64ed5b4cdb8f786a3b595d1819d20eb8747bcec16313d85ec64c3bc07b98d0,3aff0c34b5829ab77708402faa95485ac463ae39b198bebd691b6431669e2fda,200,2021-06-06T01:25:46.521601,,
2203883,application/json,0.759,6b64ed5b4cdb8f786a3b595d1819d20eb8747bcec16313d85ec64c3bc07b98d0,3aff0c34b5829ab77708402faa95485ac463ae39b198bebd691b6431669e2fda,200,2021-06-07T01:27:06.242812,,
2203883,application/json,1.293,6b64ed5b4cdb8f786a3b595d1819d20eb8747bcec16313d85ec64c3bc07b98d0,3aff0c34b5829ab77708402faa95485ac463ae39b198bebd691b6431669e2fda,200,2021-06-08T01:25:01.554034,,
2203883,application/json,1.268,6b64ed5b4cdb8f786a3b595d1819d20eb8747bcec16313d85ec64c3bc07b98d0,3aff0c34b5829ab77708402faa95485ac463ae39b198bebd691b6431669e2fda,200,2021-06-09T01:04:21.557414,,
2203883,application/json,0.571,6b64ed5b4cdb8f786a3b595d1819d20eb8747bcec16313d85ec64c3bc07b98d0,3aff0c34b5829ab77708402faa95485ac463ae39b198bebd691b6431669e2fda,200,2021-06-10T01:02:41.144215,,
2203883,application/json,0.529,6b64ed5b4cdb8f786a3b595d1819d20eb8747bcec16313d85ec64c3bc07b98d0,3aff0c34b5829ab77708402faa95485ac463ae39b198bebd691b6431669e2fda,200,2021-06-11T00:57:28.084580,,
2203883,application/json,0.511,6b64ed5b4cdb8f786a3b595d1819d20eb8747bcec16313d85ec64c3bc07b98d0,3aff0c34b5829ab77708402faa95485ac463ae39b198bebd691b6431669e2fda,200,2021-06-12T00:52:49.125725,,
2203883,application/json,0.512,6b64ed5b4cdb8f786a3b595d1819d20eb8747bcec16313d85ec64c3bc07b98d0,3aff0c34b5829ab77708402faa95485ac463ae39b198bebd691b6431669e2fda,200,2021-06-13T00:59:00.952581,,
2203883,application/json,0.524,6b64ed5b4cdb8f786a3b595d1819d20eb8747bcec16313d85ec64c3bc07b98d0,3aff0c34b5829ab77708402faa95485ac463ae39b198bebd691b6431669e2fda,200,2021-06-14T00:55:18.769747,,
2203883,application/json,0.477,6b64ed5b4cdb8f786a3b595d1819d20eb8747bcec16313d85ec64c3bc07b98d0,3aff0c34b5829ab77708402faa95485ac463ae39b198bebd691b6431669e2fda,200,2021-06-15T00:59:33.494950,,
2203883,application/json,0.482,6b64ed5b4cdb8f786a3b595d1819d20eb8747bcec16313d85ec64c3bc07b98d0,3aff0c34b5829ab77708402faa95485ac463ae39b198bebd691b6431669e2fda,200,2021-06-16T00:57:12.209021,,
2203883,application/json,0.527,6b64ed5b4cdb8f786a3b595d1819d20eb8747bcec16313d85ec64c3bc07b98d0,3aff0c34b5829ab77708402faa95485ac463ae39b198bebd691b6431669e2fda,200,2021-06-17T00:55:17.361705,,
2203883,application/json,1.347,6b64ed5b4cdb8f786a3b595d1819d20eb8747bcec16313d85ec64c3bc07b98d0,3aff0c34b5829ab77708402faa95485ac463ae39b198bebd691b6431669e2fda,200,2021-06-18T00:58:21.658439,,
2203883,application/json,0.534,6b64ed5b4cdb8f786a3b595d1819d20eb8747bcec16313d85ec64c3bc07b98d0,3aff0c34b5829ab77708402faa95485ac463ae39b198bebd691b6431669e2fda,200,2021-06-19T00:57:15.224671,,
2203883,application/json,1.173,6b64ed5b4cdb8f786a3b595d1819d20eb8747bcec16313d85ec64c3bc07b98d0,3aff0c34b5829ab77708402faa95485ac463ae39b198bebd691b6431669e2fda,200,2021-06-20T00:59:42.479936,,
2203883,application/json,0.545,6b64ed5b4cdb8f786a3b595d1819d20eb8747bcec16313d85ec64c3bc07b98d0,3aff0c34b5829ab77708402faa95485ac463ae39b198bebd691b6431669e2fda,200,2021-06-21T01:01:02.733883,,
2203883,application/json,0.502,6b64ed5b4cdb8f786a3b595d1819d20eb8747bcec16313d85ec64c3bc07b98d0,3aff0c34b5829ab77708402faa95485ac463ae39b198bebd691b6431669e2fda,200,2021-06-22T00:54:02.419675,,
2203883,application/json,1.313,6b64ed5b4cdb8f786a3b595d1819d20eb8747bcec16313d85ec64c3bc07b98d0,3aff0c34b5829ab77708402faa95485ac463ae39b198bebd691b6431669e2fda,200,2021-06-23T00:50:52.362131,,
2203883,application/json,1.182,6b64ed5b4cdb8f786a3b595d1819d20eb8747bcec16313d85ec64c3bc07b98d0,3aff0c34b5829ab77708402faa95485ac463ae39b198bebd691b6431669e2fda,200,2021-06-24T00:45:02.752424,,
2203883,application/json,1.26,6b64ed5b4cdb8f786a3b595d1819d20eb8747bcec16313d85ec64c3bc07b98d0,3aff0c34b5829ab77708402faa95485ac463ae39b198bebd691b6431669e2fda,200,2021-06-25T01:02:00.035085,,
